employee_number,daily_rate,monthly_rate,monthly_income,hourly_rate,percent_salary_hike,salary,stock_option_level
162.0,684.0,6462,19537.0,51.0,13,246240.0,0
259.0,699.0,5678,19999.0,65.0,14,251640.0,1
319.0,532.0,4933,19232.0,58.0,11,191520.0,0
1708.0,359.0,26703,17169.0,82.0,19,129240.0,2
1900.0,117.0,2437,17174.0,58.0,11,42120.0,1
81.0,1435.0,2354,6463.92,99.0,11,516600.0,0
387.0,635.0,24532,6463.92,99.0,25,228600.0,0
999.0,840.0,3735,6463.92,64.0,17,302400.0,1
1035.0,247.0,20284,19973.0,55.0,22,88920.0,2
58.0,1360.0,16280,19545.0,49.0,12,489600.0,0
558.0,1398.0,13022,18041.0,79.0,14,503280.0,0
825.0,286.0,25761,19246.0,31.0,12,102960.0,0
1712.0,1238.0,3395,10748.0,74.0,23,445680.0,1
73.0,515.0,15146,6463.92,98.0,12,185400.0,0
820.0,202.0,12982,16752.0,33.0,11,72720.0,1
1294.0,429.0,2323,6463.92,53.0,11,154440.0,0
1774.0,802.09,12313,4001.0,87.0,14,288750.68,1
1815.0,802.09,26458,10447.0,81.0,13,288750.68,1
1993.0,1180.0,13084,6463.92,84.0,23,424800.0,0
32.0,1282.0,10735,6463.92,58.0,11,461520.0,1
100.0,776.0,23016,6463.92,32.0,14,279360.0,0
244.0,526.0,2137,6463.92,92.0,25,189360.0,3
327.0,1034.0,7744,16064.0,80.0,22,372240.0,1
373.0,1403.0,20251,3210.0,47.0,11,505080.0,1
729.0,580.0,23772,10475.0,48.0,21,208800.0,1
830.0,859.0,19124,6162.0,98.0,12,309240.0,1
981.0,1376.0,13938,6463.92,65.97,13,495360.0,1
1042.0,885.0,8269,6463.92,43.0,16,318600.0,0
1080.0,1003.0,21029,4615.0,74.0,23,361080.0,3
1995.0,1321.0,7636,6463.92,86.0,15,475560.0,2
145.0,802.09,25796,6463.92,30.0,20,288750.68,0
158.0,394.0,19494,16959.0,92.0,12,141840.0,2
391.0,1372.0,15881,6463.92,42.0,12,493920.0,0
436.0,802.09,24624,6463.92,65.0,11,288750.68,0
1527.0,228.0,11380,6463.92,51.0,12,82080.0,1
1866.0,823.0,22539,6463.92,81.0,13,296280.0,0
2026.0,667.0,26236,6463.92,57.0,21,240120.0,1
107.0,573.0,15717,6463.92,79.0,12,206280.0,3
170.0,802.09,5549,6463.92,96.0,14,288750.68,0
215.0,630.0,8552,10855.0,67.0,11,226800.0,1
304.0,802.09,9945,5914.0,62.0,16,288750.68,0
529.0,1063.0,23866,6463.92,72.0,15,382680.0,2
691.0,1017.0,19368,6646.0,82.0,13,366120.0,0
692.0,1296.0,5335,6463.92,65.97,23,466560.0,1
1005.0,939.0,4161,13973.0,65.97,18,338040.0,1
1024.0,1355.0,22245,6463.92,78.0,14,487800.0,0
1039.0,1448.0,11737,13320.0,53.0,18,521280.0,1
1225.0,200.0,7744,6463.92,32.0,25,72000.0,0
1375.0,1202.0,13888,6463.92,89.0,20,432720.0,3
1661.0,465.0,11652,6463.92,41.0,19,167400.0,1
1668.0,1189.0,9867,4735.0,90.0,15,428040.0,2
1698.0,802.09,13637,6463.92,79.0,18,288750.68,3
1937.0,1394.0,18115,6463.92,58.0,16,501840.0,1
2017.0,161.0,15471,6463.92,42.0,25,57960.0,1
117.0,288.0,15830,6463.92,99.0,19,103680.0,3
131.0,682.0,24409,13872.0,37.0,13,245520.0,0
153.0,1354.0,5615,6463.92,45.0,12,487440.0,0
307.0,119.0,9647,6463.92,76.0,12,42840.0,2
374.0,452.0,18938,19045.0,81.0,14,162720.0,0
524.0,480.0,4156,4306.0,31.0,12,172800.0,1
569.0,1099.0,9314,17046.0,88.0,15,395640.0,1
899.0,672.0,9129,6463.92,78.0,16,241920.0,0
1014.0,583.0,6975,6463.92,57.0,11,209880.0,1
1117.0,1050.0,17970,6463.92,65.0,13,378000.0,1
1238.0,117.0,6311,6463.92,60.0,13,42120.0,1
1277.0,802.09,2493,6463.92,94.0,16,288750.68,0
1541.0,1440.0,4944,2308.0,55.0,25,518400.0,1
1666.0,1291.0,3525,6463.92,65.0,24,464760.0,1
1696.0,1157.0,11912,6463.92,57.0,14,416520.0,1
1805.0,1336.0,7129,6463.92,100.0,13,480960.0,3
1932.0,735.0,26496,5747.0,86.0,15,264600.0,0
2016.0,802.09,24032,10422.0,48.0,19,288750.68,2
20.0,1389.0,10195,6463.92,51.0,11,500040.0,1
184.0,1240.0,13982,6347.0,48.0,19,446400.0,0
206.0,194.0,10901,2348.0,60.0,18,69840.0,1
228.0,1339.0,8053,6463.92,41.0,12,482040.0,1
239.0,111.0,11012,3072.0,66.0,11,39960.0,2
256.0,802.09,14074,6463.92,45.0,17,288750.68,0
339.0,470.0,23687,6463.92,84.0,13,169200.0,1
406.0,1232.0,5100,8020.0,96.0,15,443520.0,2
429.0,117.0,5355,17068.0,99.0,14,42120.0,0
444.0,672.0,21141,19272.0,54.0,15,241920.0,1
452.0,549.0,9278,6463.92,75.0,14,197640.0,2
456.0,570.0,5431,6463.92,30.0,13,205200.0,3
481.0,541.0,7246,6463.92,48.0,11,194760.0,1
513.0,164.0,3809,6463.92,61.0,13,59040.0,2
597.0,1117.0,9873,6463.92,83.0,23,402120.0,0
600.0,619.0,18659,6463.92,85.0,11,222840.0,0
630.0,956.0,22087,5577.0,78.0,12,344160.0,2
638.0,1245.0,2125,6463.92,58.0,17,448200.0,1
683.0,1397.0,7660,2691.0,42.0,12,502920.0,1
780.0,527.0,5207,6463.92,63.0,13,189720.0,0
817.0,213.0,25995,6463.92,49.0,11,76680.0,0
901.0,802.09,20206,6463.92,72.0,18,288750.68,0
944.0,527.0,22477,7403.0,51.0,11,189720.0,1
984.0,882.0,6812,6463.92,65.97,13,317520.0,1
1088.0,330.0,24608,8823.0,65.0,18,118800.0,1
1124.0,406.0,15596,6463.92,65.97,12,146160.0,1
1167.0,481.0,2447,6463.92,44.0,12,173160.0,0
1184.0,669.0,25755,6463.92,97.0,20,240840.0,0
1252.0,1062.0,17198,6463.92,96.0,19,382320.0,0
1267.0,1099.0,8751,18213.0,88.0,11,395640.0,1
1278.0,177.0,25592,13577.0,37.0,15,63720.0,1
1288.0,1199.0,17477,19190.0,92.0,14,431640.0,2
1307.0,412.0,17334,17123.0,94.0,13,148320.0,2
1336.0,282.0,6992,19187.0,58.0,14,101520.0,1
1352.0,770.0,17588,6463.92,84.0,11,277200.0,1
1360.0,601.0,12023,10008.0,53.0,14,216360.0,0
1419.0,332.0,9769,7988.0,51.0,13,119520.0,0
1478.0,1326.0,15891,6463.92,81.0,18,477360.0,0
1480.0,748.0,16458,6463.92,74.0,13,269280.0,0
1489.0,790.0,7815,6463.92,40.0,23,284400.0,0
1520.0,1050.0,24456,6463.92,87.0,20,378000.0,1
1535.0,971.0,12288,7083.0,64.0,14,349560.0,0
1586.0,1370.0,16213,4723.0,87.0,18,493200.0,0
1596.0,750.0,25348,3407.0,46.0,17,270000.0,2
1667.0,880.0,10414,6463.92,36.0,24,316800.0,0
1701.0,678.0,20338,2929.0,35.0,12,244080.0,0
1706.0,1179.0,6069,6463.92,73.0,17,424440.0,1
1971.0,574.0,16873,6463.92,30.0,17,206640.0,1
1976.0,802.09,14811,6463.92,37.0,12,288750.68,0
1985.0,692.0,26849,6463.92,73.0,11,249120.0,1
2032.0,310.0,3666,6463.92,72.0,11,111600.0,1
2056.0,722.0,8828,12031.0,60.0,11,259920.0,1
57.0,721.0,10781,6463.92,58.0,23,259560.0,0
78.0,427.0,10877,6162.0,65.97,22,153720.0,1
104.0,852.0,15998,5126.0,55.0,12,306720.0,2
118.0,669.0,13596,9619.0,64.0,16,240840.0,0
121.0,1334.0,19760,6463.92,63.0,12,480240.0,3
125.0,1093.0,24301,5010.0,87.0,16,393480.0,0
207.0,967.0,15589,6463.92,43.0,14,348120.0,0
227.0,465.0,4609,6463.92,56.0,12,167400.0,1
253.0,989.0,6499,19033.0,46.0,14,356040.0,1
264.0,1195.0,20462,6463.92,65.0,23,430200.0,1
291.0,1045.0,25812,10400.0,32.0,11,376200.0,0
292.0,829.0,20925,6463.92,88.0,22,298440.0,0
306.0,663.0,10056,6463.92,47.0,14,238680.0,3
335.0,1300.0,24447,6463.92,62.0,17,468000.0,2
420.0,906.0,16985,6463.92,91.0,14,326160.0,1
421.0,849.0,26707,6463.92,81.0,17,305640.0,1
441.0,1275.0,11934,6463.92,64.0,13,459000.0,2
531.0,1218.0,8213,19197.0,52.0,14,438480.0,1
549.0,422.0,3854,6463.92,41.0,11,151920.0,0
567.0,1398.0,2890,8412.0,69.0,11,503280.0,0
581.0,1274.0,14394,6463.92,65.97,25,458640.0,1
702.0,1076.0,3164,3348.0,70.0,11,387360.0,0
716.0,1207.0,3297,6463.92,74.0,11,434520.0,3
772.0,430.0,21146,5309.0,80.0,15,154800.0,2
836.0,933.0,11806,6463.92,98.0,13,335880.0,1
840.0,1184.0,5860,7654.0,43.0,18,426240.0,2
844.0,802.09,8842,12808.0,42.0,16,288750.68,1
867.0,890.0,19028,6463.92,81.0,22,320400.0,0
889.0,379.0,8891,6463.92,48.0,14,136440.0,1
924.0,1425.0,4821,6586.0,68.0,17,513000.0,1
976.0,1053.0,13829,17099.0,70.0,15,379080.0,1
992.0,722.0,20489,6463.92,38.0,11,259920.0,0
1002.0,248.0,14039,6463.92,42.0,15,89280.0,1
1073.0,796.0,15669,6463.92,51.0,11,286560.0,0
1138.0,174.0,11879,13120.0,56.0,17,62640.0,1
1192.0,802.09,26342,3131.0,54.0,13,288750.68,1
1196.0,977.0,9961,6463.92,56.0,13,351720.0,1
1315.0,1476.0,16392,6674.0,55.0,11,531360.0,3
1324.0,587.0,8935,9852.0,57.0,19,211320.0,1
1334.0,495.0,26582,17861.0,65.97,13,178200.0,0
1346.0,523.0,22455,6463.92,98.0,13,188280.0,0
1356.0,507.0,23553,6463.92,66.0,12,182520.0,0
1423.0,1055.0,22456,6463.92,76.0,21,379800.0,1
1459.0,1445.0,8931,7446.0,100.0,11,520200.0,0
1472.0,447.0,19764,16598.0,39.0,12,160920.0,0
1485.0,829.0,11929,6463.92,71.0,14,298440.0,2
1543.0,674.0,3031,4285.0,47.0,17,242640.0,0
1547.0,802.09,18611,10124.0,40.0,14,288750.68,1
1553.0,538.0,20933,6463.92,66.0,12,193680.0,3
1562.0,740.0,5323,9714.0,64.0,11,266400.0,1
1582.0,1245.0,12355,9924.0,80.0,11,448200.0,1
1606.0,1234.0,20689,11245.0,41.0,15,444240.0,1
1658.0,1130.0,19332,6463.92,66.0,12,406800.0,1
1665.0,584.0,18685,6463.92,91.0,25,210240.0,1
1737.0,792.0,8989,6472.0,77.0,15,285120.0,1
1790.0,1383.0,25949,8321.0,90.0,13,497880.0,1
1823.0,802.09,22128,6463.92,92.0,21,288750.68,2
1857.0,706.0,19989,8578.0,82.0,14,254160.0,1
1864.0,728.0,7018,6463.92,36.0,21,262080.0,1
1881.0,311.0,18624,4197.0,89.0,11,111960.0,1
1888.0,556.0,23888,6463.92,93.0,13,200160.0,2
1950.0,937.0,6770,9888.0,32.0,21,337320.0,0
1962.0,1224.0,13586,6463.92,55.0,11,440640.0,0
1975.0,119.0,25098,13341.0,77.0,12,42840.0,0
1986.0,444.0,4258,5677.0,92.0,14,159840.0,1
2000.0,802.09,17231,6463.92,98.0,18,288750.68,2
2.0,802.09,24907,6463.92,61.0,23,288750.68,1
5.0,1392.0,23159,2909.0,56.0,11,501120.0,0
35.0,802.09,21173,6825.0,48.0,11,288750.68,1
76.0,655.0,9528,6463.92,48.0,22,235800.0,1
98.0,746.0,20682,4424.0,61.0,23,268560.0,0
120.0,632.0,8423,5441.0,71.0,22,227520.0,0
147.0,658.0,22887,6074.0,66.0,24,236880.0,0
154.0,1467.0,22952,6463.92,92.0,14,528120.0,1
159.0,1312.0,22310,6463.92,96.0,25,472320.0,3
160.0,750.0,15480,6146.0,95.0,13,270000.0,1
163.0,249.0,20739,6172.0,76.0,18,89640.0,0
176.0,802.0,21196,6463.92,96.0,13,288720.0,1
177.0,1355.0,8916,6463.92,61.0,23,487800.0,1
195.0,689.0,22812,4668.0,35.0,17,248040.0,3
202.0,1395.0,8504,5605.0,54.0,11,502200.0,1
205.0,1436.0,16047,6463.92,34.0,20,516960.0,1
252.0,802.09,4673,6463.92,65.97,13,288750.68,1
258.0,313.0,7192,6463.92,98.0,18,112680.0,0
260.0,894.0,11781,6463.92,99.0,16,321840.0,0
267.0,290.0,22977,3564.0,65.0,12,104400.0,1
275.0,1002.0,23793,6804.0,92.0,15,360720.0,2
293.0,1242.0,12916,6463.92,90.0,14,447120.0,0
302.0,1052.0,16840,6463.92,57.0,12,378720.0,0
314.0,944.0,9096,6463.92,92.0,14,339840.0,0
329.0,771.0,21030,6463.92,79.0,18,277560.0,0
361.0,1327.0,19682,6463.92,39.0,18,477720.0,1
363.0,488.0,14977,6463.92,75.0,12,175680.0,1
376.0,666.0,10268,6463.92,88.0,12,239760.0,1
381.0,1315.0,19100,6463.92,71.0,18,473400.0,1
388.0,442.0,20260,6463.92,44.0,18,159120.0,0
389.0,147.0,15972,6463.92,37.0,19,52920.0,1
401.0,950.0,8450,5828.0,48.0,12,342000.0,0
416.0,218.0,12241,6463.92,100.0,11,78480.0,1
430.0,802.09,10675,2455.0,33.0,19,288750.68,0
438.0,691.0,7143,6463.92,73.0,12,248760.0,3
446.0,802.09,4317,4682.0,46.0,14,288750.68,0
448.0,559.0,6227,5257.0,82.0,11,201240.0,1
454.0,318.0,4759,2119.0,77.0,11,114480.0,0
458.0,1130.0,3415,6463.92,56.0,18,406800.0,1
476.0,933.0,20156,6463.92,57.0,17,335880.0,1
483.0,1171.0,22495,6463.92,46.0,13,421560.0,1
488.0,143.0,9558,6463.92,56.0,18,51480.0,0
500.0,1178.0,14862,6463.92,87.0,11,424080.0,1
534.0,645.0,19566,8392.0,49.0,16,232200.0,1
586.0,1276.0,14295,6463.92,72.0,12,459360.0,0
595.0,163.0,19658,4051.0,37.0,14,58680.0,1
608.0,426.0,22808,2741.0,58.0,11,153360.0,1
616.0,509.0,2112,6463.92,62.0,17,183240.0,0
621.0,258.0,19921,5337.0,74.0,12,92880.0,0
653.0,525.0,6219,6463.92,66.0,22,189000.0,2
663.0,802.09,19627,6463.92,72.0,13,288750.68,1
682.0,238.0,7507,6463.92,34.0,20,85680.0,0
710.0,806.0,18959,6463.92,76.0,18,290160.0,1
717.0,1442.0,17654,6463.92,46.0,14,519120.0,0
721.0,408.0,20978,6463.92,80.0,11,146880.0,0
722.0,929.0,21703,5396.0,55.0,12,334440.0,0
724.0,827.0,19383,6463.92,33.0,13,297720.0,0
725.0,802.09,6009,6463.92,65.97,11,288750.68,0
728.0,703.0,11825,4960.0,42.0,12,253080.0,0
733.0,294.0,4809,8793.0,32.0,21,105840.0,2
734.0,314.0,19562,19189.0,59.0,12,113040.0,1
742.0,427.0,20335,11713.0,63.0,14,153720.0,1
747.0,501.0,25275,5304.0,99.0,23,180360.0,1
762.0,802.09,20420,11103.0,81.0,11,288750.68,0
783.0,954.0,12388,6632.0,46.0,13,343440.0,0
789.0,1434.0,14229,7587.0,76.0,15,516240.0,0
793.0,657.0,25549,4335.0,66.0,12,236520.0,1
803.0,240.0,26085,5980.0,75.0,12,86400.0,0
809.0,570.0,16225,6463.92,66.0,13,205200.0,1
823.0,676.0,23361,5228.0,35.0,15,243360.0,1
842.0,436.0,21519,6463.92,37.0,16,156960.0,0
913.0,661.0,7508,6463.92,61.0,13,237960.0,0
927.0,1085.0,17725,6463.92,57.0,13,390600.0,1
941.0,154.0,11737,2329.0,41.0,15,55440.0,0
956.0,1283.0,11148,4294.0,52.0,12,461880.0,0
966.0,498.0,13554,6725.0,93.0,12,179280.0,1
967.0,530.0,5518,10325.0,51.0,11,190800.0,1
972.0,805.0,23163,4447.0,57.0,12,289800.0,0
990.0,1229.0,25952,6463.92,84.0,13,442440.0,2
1013.0,1441.0,13943,6463.92,56.0,11,518760.0,1
1015.0,153.0,17802,6463.92,73.0,12,55080.0,3
1018.0,1066.0,3334,5472.0,32.0,12,383760.0,0
1034.0,135.0,12992,6385.0,62.0,14,48600.0,2
1046.0,1109.0,11135,6463.92,69.0,12,399240.0,0
1050.0,124.0,23537,7525.0,38.0,12,44640.0,1
1074.0,444.0,17323,6463.92,40.0,15,159840.0,0
1082.0,1366.0,12355,6463.92,72.0,12,491760.0,0
1097.0,857.0,7909,3660.0,59.0,13,308520.0,0
1100.0,1204.0,10333,6463.92,86.0,22,433440.0,0
1101.0,827.0,3129,6463.92,54.0,22,297720.0,0
1106.0,1219.0,4605,6463.92,32.0,15,438840.0,1
1119.0,770.0,5569,8740.0,65.97,14,277200.0,2
1126.0,1082.0,11535,6463.92,83.0,11,389520.0,1
1128.0,1308.0,17544,6463.92,44.0,14,470880.0,0
1177.0,1384.0,13421,6463.92,82.0,22,498240.0,1
1182.0,819.0,19588,6463.92,44.0,18,294840.0,1
1201.0,1223.0,18640,6463.92,50.0,18,440280.0,1
1218.0,1361.0,21026,6463.92,94.0,15,489960.0,3
1220.0,1146.0,4905,6463.92,65.97,12,412560.0,1
1224.0,853.0,11309,3491.0,49.0,13,307080.0,3
1235.0,1316.0,2338,6463.92,38.0,14,473760.0,0
1237.0,363.0,4235,10252.0,65.97,21,130680.0,1
1255.0,920.0,18625,19740.0,96.0,14,331200.0,1
1264.0,694.0,3423,6463.92,65.97,14,249840.0,2
1283.0,1429.0,20002,6463.92,67.0,12,514440.0,0
1293.0,531.0,20364,6463.92,56.0,14,191160.0,0
1295.0,621.0,14075,6463.92,73.0,11,223560.0,1
1322.0,524.0,13352,4534.0,32.0,11,188640.0,0
1344.0,943.0,5494,8500.0,86.0,11,339480.0,1
1355.0,1009.0,19461,6463.92,31.0,15,363240.0,1
1362.0,607.0,2261,4639.0,83.0,16,218520.0,1
1369.0,817.0,10846,5363.0,60.0,12,294120.0,1
1377.0,802.09,17491,6463.92,86.0,13,288750.68,2
1402.0,930.0,20003,4081.0,73.0,14,334800.0,0
1408.0,1147.0,16616,6463.92,31.0,14,412920.0,1
1417.0,652.0,23577,3578.0,100.0,12,234720.0,0
1421.0,337.0,22930,6463.92,84.0,12,121320.0,0
1422.0,971.0,5652,17328.0,54.0,19,349560.0,0
1424.0,1136.0,12414,6463.92,81.0,13,408960.0,2
1457.0,377.0,15986,6463.92,52.0,11,135720.0,1
1460.0,1038.0,19863,10851.0,95.0,18,373680.0,1
1484.0,1490.0,20948,10466.0,35.0,14,536400.0,2
1497.0,1246.0,23757,6463.92,77.0,14,448560.0,2
1522.0,224.0,7568,2362.0,100.0,13,80640.0,0
1544.0,441.0,7288,6463.92,39.0,13,158760.0,1
1572.0,607.0,14618,6463.92,78.0,16,218520.0,1
1608.0,1313.0,3549,6463.92,31.0,14,472680.0,1
1611.0,1015.0,23447,5769.0,50.0,14,365400.0,0
1612.0,802.09,24162,4385.0,52.0,15,288750.68,1
1615.0,426.0,17000,6463.92,42.0,13,153360.0,1
1619.0,1302.0,16290,4066.0,65.97,11,468720.0,2
1635.0,1329.0,5388,6463.92,59.0,19,478440.0,2
1642.0,602.0,10503,6463.92,37.0,11,216720.0,0
1653.0,772.0,4973,5206.0,77.0,17,277920.0,2
1691.0,802.09,11740,2655.0,95.0,11,288750.68,2
1693.0,786.0,11925,2570.0,76.0,20,282960.0,0
1703.0,921.0,14810,6463.92,96.0,19,331560.0,1
1727.0,717.0,9697,6463.92,34.0,14,258120.0,0
1728.0,1370.0,5151,6463.92,49.0,16,493200.0,1
1745.0,1312.0,26427,4968.0,78.0,16,472320.0,0
1754.0,979.0,3088,6463.92,94.0,11,352440.0,1
1756.0,1283.0,10697,5147.0,62.0,15,461880.0,0
1764.0,953.0,17674,2718.0,65.0,14,343080.0,0
1778.0,244.0,5033,3539.0,97.0,13,87840.0,0
1797.0,303.0,13492,5813.0,84.0,18,109080.0,0
1804.0,1180.0,24442,6463.92,90.0,14,424800.0,1
1816.0,1092.0,2739,9667.0,64.0,14,393120.0,0
1821.0,261.0,10842,6463.92,66.0,22,93960.0,1
1849.0,1422.0,19246,5675.0,92.0,20,511920.0,1
1869.0,802.09,14011,7314.0,64.0,21,288750.68,3
1898.0,511.0,26997,6463.92,89.0,14,183960.0,0
1911.0,1396.0,14842,6463.92,83.0,13,502560.0,1
1927.0,802.09,19255,6463.92,42.0,12,288750.68,1
1934.0,1169.0,2125,6463.92,64.0,18,420840.0,1
1951.0,1239.0,22914,6463.92,39.0,18,446040.0,1
1952.0,157.0,20006,6463.92,95.0,13,56520.0,0
1965.0,954.0,5099,6463.92,44.0,14,343440.0,0
1967.0,754.0,21075,6463.92,63.0,11,271440.0,0
1979.0,697.0,26862,6463.92,40.0,20,250920.0,1
2008.0,1395.0,18698,5098.0,48.0,19,502200.0,0
2009.0,501.0,21653,6463.92,95.0,13,180360.0,1
2014.0,116.0,5340,6463.92,52.0,13,41760.0,0
2034.0,582.0,5640,13570.0,60.0,23,209520.0,1
2035.0,704.0,8978,6712.0,95.0,21,253440.0,2
2062.0,613.0,21457,9991.0,42.0,15,220680.0,1
28.0,419.0,21293,6463.92,53.0,11,150840.0,0
62.0,1211.0,20445,6463.92,98.0,21,435960.0,0
199.0,857.0,12888,6463.92,91.0,13,308520.0,1
343.0,505.0,6420,10938.0,64.0,25,181800.0,0
351.0,269.0,8007,2593.0,56.0,11,96840.0,1
428.0,553.0,23364,11878.0,74.0,11,199080.0,2
464.0,1296.0,18264,8095.0,62.0,13,466560.0,0
731.0,427.0,8861,6463.92,73.0,15,153720.0,3
764.0,975.0,23398,6463.92,55.0,19,351000.0,0
851.0,1318.0,5594,6463.92,66.0,14,474480.0,1
903.0,249.0,17783,4537.0,35.0,22,89640.0,1
905.0,881.0,4544,17924.0,98.0,11,317160.0,1
942.0,1137.0,19170,4014.0,51.0,25,409320.0,1
1026.0,466.0,7060,12742.0,65.0,16,167760.0,1
1085.0,509.0,18863,3376.0,43.0,13,183240.0,0
1109.0,469.0,14399,6463.92,35.0,17,168840.0,1
1118.0,994.0,15322,6463.92,87.0,19,357840.0,0
1152.0,433.0,6004,6463.92,37.0,13,155880.0,1
1350.0,482.0,2690,4249.0,87.0,11,173520.0,0
1514.0,1083.0,3173,6549.0,96.0,14,389880.0,2
1523.0,136.0,22074,6463.92,32.0,13,48960.0,1
1539.0,333.0,24450,14411.0,88.0,13,119880.0,0
1588.0,1462.0,4658,8237.0,38.0,11,526320.0,1
1617.0,722.0,22102,3211.0,84.0,14,259920.0,1
1719.0,802.09,17119,16704.0,48.0,11,288750.68,0
1870.0,1131.0,23844,4774.0,77.0,19,407160.0,1
2031.0,300.0,17312,6463.92,56.0,11,108000.0,0
2065.0,1023.0,13243,6463.92,63.0,14,368280.0,0
15.0,153.0,12682,6463.92,49.0,12,55080.0,0
60.0,1065.0,10034,4568.0,72.0,20,383400.0,0
85.0,1195.0,22656,6499.0,95.0,13,430200.0,0
346.0,665.0,22673,6463.92,60.0,19,239400.0,0
384.0,1479.0,26767,6397.0,84.0,20,532440.0,1
498.0,304.0,20750,6463.92,92.0,16,109440.0,0
551.0,1368.0,4386,6463.92,65.97,11,492480.0,3
604.0,828.0,8346,6463.92,77.0,13,298080.0,0
626.0,142.0,24666,6463.92,69.0,13,51120.0,1
644.0,1246.0,7999,6463.92,99.0,11,448560.0,1
649.0,254.0,22794,3622.0,83.0,13,91440.0,1
714.0,1410.0,16673,6463.92,71.0,20,507600.0,2
781.0,883.0,22807,6180.0,32.0,23,317880.0,0
804.0,121.0,7530,4381.0,86.0,11,43560.0,0
856.0,1343.0,17852,2559.0,53.0,11,483480.0,0
998.0,827.0,20161,5488.0,84.0,13,297720.0,1
1120.0,1107.0,26968,2514.0,93.0,22,398520.0,1
1143.0,490.0,17940,6463.92,61.0,14,176400.0,2
1251.0,1332.0,17089,6463.92,80.0,12,479520.0,0
1438.0,465.0,10205,3420.0,74.0,12,167400.0,1
1574.0,1200.0,25174,4087.0,65.97,14,432000.0,1
1671.0,977.0,25518,6463.92,45.0,13,351720.0,2
94.0,1328.0,4956,6463.92,76.0,23,478080.0,1
112.0,802.09,21698,6463.92,65.97,11,288750.68,0
129.0,120.0,8863,4221.0,43.0,15,43200.0,0
142.0,240.0,26959,6463.92,46.0,11,86400.0,0
161.0,441.0,4510,4963.0,72.0,18,158760.0,3
164.0,841.0,23300,6463.92,46.0,19,302760.0,0
190.0,1033.0,10224,4200.0,41.0,22,371880.0,0
194.0,802.09,23910,6463.92,75.0,14,288750.68,0
226.0,1452.0,17053,6463.92,53.0,15,522720.0,0
231.0,120.0,12430,6463.92,43.0,20,43200.0,0
240.0,1268.0,6319,5006.0,30.0,11,456480.0,1
262.0,802.09,5228,6463.92,37.0,14,288750.68,3
283.0,121.0,24525,7639.0,35.0,22,43560.0,3
308.0,802.09,4381,6463.92,90.0,12,288750.68,1
325.0,813.0,22149,6463.92,58.0,13,292680.0,1
355.0,307.0,11652,6463.92,71.0,11,110520.0,0
378.0,228.0,22825,6502.0,65.97,14,82080.0,1
449.0,210.0,22107,6349.0,73.0,13,75600.0,1
466.0,483.0,10110,6463.92,65.97,15,173880.0,0
486.0,921.0,17663,6463.92,98.0,20,331560.0,1
492.0,575.0,6110,6380.0,68.0,12,207000.0,2
505.0,1311.0,23258,6463.92,97.0,13,471960.0,0
510.0,575.0,6582,3102.0,73.0,22,207000.0,0
527.0,891.0,12090,6463.92,99.0,11,320760.0,0
547.0,532.0,12932,4556.0,92.0,11,191520.0,1
548.0,317.0,24793,6463.92,43.0,20,114120.0,0
577.0,144.0,19225,4230.0,46.0,15,51840.0,0
679.0,646.0,18089,6322.0,92.0,12,232560.0,1
785.0,719.0,10339,6463.92,77.0,12,258840.0,0
861.0,1012.0,2373,6463.92,65.97,12,364320.0,1
864.0,930.0,19239,10761.0,74.0,12,334800.0,1
878.0,1278.0,8635,6463.92,77.0,21,460080.0,0
895.0,1222.0,14871,6463.92,48.0,19,439920.0,1
900.0,1231.0,21222,2973.0,54.0,15,443160.0,1
936.0,462.0,7824,6463.92,68.0,17,166320.0,0
997.0,802.09,6615,17399.0,66.0,22,288750.68,1
1048.0,1089.0,11038,6463.92,66.0,14,392040.0,1
1071.0,1240.0,12154,6463.92,63.0,19,446400.0,1
1116.0,1262.0,16154,16885.0,35.0,22,454320.0,0
1132.0,439.0,8770,6463.92,70.0,15,158040.0,0
1171.0,647.0,2253,5155.0,45.0,13,232920.0,0
1200.0,1097.0,10826,2936.0,96.0,11,394920.0,0
1202.0,942.0,26933,6463.92,69.0,18,339120.0,1
1245.0,966.0,9659,6463.92,53.0,17,347760.0,1
1280.0,168.0,9946,18789.0,33.0,14,60480.0,1
1309.0,1089.0,22845,4883.0,79.0,18,392040.0,1
1374.0,999.0,15891,2029.0,92.0,20,359640.0,3
1390.0,1498.0,3567,6463.92,44.0,12,539280.0,2
1395.0,1111.0,19293,6463.92,61.0,13,399960.0,0
1397.0,1485.0,3449,6463.92,71.0,21,534600.0,1
1409.0,258.0,17363,6463.92,54.0,13,92880.0,0
1425.0,1174.0,20763,9278.0,99.0,16,422640.0,0
1435.0,172.0,22604,6463.92,65.97,16,61920.0,0
1445.0,802.09,15211,4162.0,42.0,12,288750.68,2
1469.0,866.0,23490,6463.92,65.97,18,311760.0,0
1503.0,571.0,24200,6463.92,65.97,17,205560.0,1
1534.0,676.0,21831,6463.92,86.0,14,243360.0,0
1546.0,950.0,4585,6463.92,97.0,20,342000.0,1
1548.0,1342.0,19345,6463.92,47.0,12,483120.0,0
1598.0,118.0,11262,6463.92,84.0,15,42480.0,1
1599.0,990.0,5855,4876.0,87.0,12,356400.0,1
1609.0,241.0,5348,2141.0,48.0,12,86760.0,1
1638.0,802.09,14199,7756.0,54.0,19,288750.68,1
1640.0,1470.0,9953,3936.0,71.0,11,529200.0,1
1664.0,1040.0,26308,6842.0,79.0,20,374400.0,1
1684.0,1320.0,20586,3989.0,93.0,11,475200.0,0
1704.0,146.0,13970,4930.0,79.0,14,52560.0,0
1736.0,163.0,6670,6463.92,30.0,20,58680.0,0
1782.0,1153.0,16376,3702.0,40.0,11,415080.0,1
1826.0,185.0,9696,2705.0,91.0,16,66600.0,1
1850.0,1297.0,19826,2379.0,65.97,14,466920.0,0
1909.0,337.0,26841,6463.92,54.0,21,121320.0,1
1924.0,217.0,10410,5487.0,43.0,14,78120.0,0
1941.0,1064.0,13738,6463.92,42.0,15,383040.0,0
1949.0,1351.0,9238,2810.0,66.0,22,486360.0,0
27.0,1218.0,6986,6463.92,82.0,23,438480.0,0
46.0,1273.0,21923,6463.92,72.0,12,458280.0,2
52.0,1141.0,3193,6463.92,42.0,19,410760.0,2
68.0,1488.0,4009,5454.0,75.0,21,535680.0,1
79.0,653.0,5456,6463.92,50.0,11,235080.0,0
80.0,989.0,16701,18740.0,43.0,12,356040.0,1
91.0,1225.0,24668,5473.0,57.0,11,441000.0,0
119.0,530.0,14115,13503.0,78.0,22,190800.0,1
126.0,1217.0,24001,13549.0,60.0,12,438120.0,1
148.0,142.0,13871,6463.92,65.97,12,51120.0,0
150.0,1127.0,13257,2774.0,52.0,12,405720.0,1
198.0,1427.0,11162,6463.92,35.0,13,513720.0,0
216.0,303.0,11314,6463.92,75.0,18,109080.0,1
230.0,702.0,12930,6463.92,65.97,22,252720.0,0
270.0,926.0,16439,5265.0,36.0,16,333360.0,1
277.0,878.0,5972,3815.0,43.0,17,316080.0,1
299.0,334.0,22967,6463.92,52.0,15,120240.0,0
315.0,896.0,14961,2389.0,86.0,13,322560.0,0
330.0,1401.0,20990,6463.92,56.0,11,504360.0,1
369.0,675.0,18384,4000.0,85.0,12,243000.0,2
386.0,1070.0,21016,17584.0,45.0,16,385200.0,3
390.0,496.0,22722,6463.92,60.0,13,178560.0,1
412.0,1476.0,4824,5661.0,68.0,19,531360.0,0
422.0,390.0,17056,6463.92,32.0,13,140400.0,1
434.0,1220.0,20938,6463.92,85.0,12,439200.0,0
450.0,928.0,16885,4869.0,31.0,12,334080.0,0
469.0,746.0,16928,4649.0,61.0,14,268560.0,1
491.0,1046.0,2755,10496.0,100.0,15,376560.0,0
554.0,1448.0,21972,6463.92,62.0,16,521280.0,0
579.0,1303.0,8416,2768.0,62.0,12,469080.0,1
592.0,635.0,15318,6463.92,32.0,14,228600.0,0
599.0,267.0,13430,6463.92,65.97,14,96120.0,0
641.0,703.0,7428,6463.92,66.0,20,253080.0,2
655.0,798.0,5013,2187.0,66.0,12,287280.0,2
667.0,1420.0,16346,6463.92,85.0,11,511200.0,1
758.0,650.0,4344,6463.92,37.0,14,234000.0,1
760.0,141.0,18767,6463.92,44.0,15,50760.0,1
791.0,715.0,26589,4258.0,41.0,18,257400.0,1
796.0,802.09,3064,5326.0,65.97,17,288750.68,0
799.0,376.0,22670,5485.0,65.97,11,135360.0,2
815.0,691.0,6881,17639.0,64.0,16,248760.0,0
827.0,932.0,4051,6062.0,43.0,13,335520.0,1
865.0,638.0,22162,6463.92,91.0,12,229680.0,1
894.0,1265.0,23726,6463.92,95.0,13,455400.0,1
983.0,152.0,19899,5666.0,85.0,13,54720.0,0
996.0,974.0,11005,6463.92,91.0,14,350640.0,2
1011.0,853.0,11275,6463.92,65.97,12,307080.0,1
1019.0,217.0,6881,6463.92,94.0,15,78120.0,1
1032.0,715.0,21829,13726.0,69.0,13,257400.0,0
1045.0,1234.0,5404,6463.92,90.0,13,444240.0,1
1049.0,788.0,8318,6463.92,36.0,16,283680.0,0
1068.0,921.0,25265,6463.92,66.0,13,331560.0,2
1136.0,802.09,19911,6463.92,67.0,17,288750.68,0
1179.0,852.0,2706,6463.92,72.0,18,306720.0,1
1188.0,1372.0,9489,6463.92,85.0,13,493920.0,0
1211.0,1329.0,13192,4115.0,61.0,19,478440.0,3
1228.0,150.0,17433,6463.92,60.0,11,54000.0,1
1231.0,802.09,12858,6272.0,79.0,16,288750.68,1
1259.0,1167.0,3208,2517.0,76.0,11,420120.0,3
1338.0,206.0,4022,6463.92,99.0,14,74160.0,0
1349.0,802.09,4297,6463.92,66.0,17,288750.68,1
1387.0,736.0,24232,6463.92,48.0,11,264960.0,1
1401.0,322.0,9731,6463.92,59.0,11,115920.0,1
1407.0,683.0,4050,3904.0,36.0,12,245880.0,0
1420.0,1475.0,22710,6463.92,97.0,20,531000.0,0
1431.0,560.0,20284,6463.92,91.0,14,201600.0,2
1446.0,802.09,23343,9204.0,97.0,12,288750.68,1
1477.0,802.09,17456,4373.0,54.0,14,288750.68,2
1487.0,115.0,17485,6463.92,51.0,11,41400.0,0
1499.0,802.09,15428,2064.0,46.0,21,288750.68,1
1533.0,507.0,24812,6463.92,97.0,14,182520.0,0
1545.0,575.0,24152,6463.92,44.0,13,207000.0,0
1554.0,802.09,26204,2430.0,98.0,23,288750.68,2
1563.0,888.0,14814,6463.92,71.0,11,319680.0,0
1622.0,580.0,20460,4877.0,39.0,21,208800.0,1
1631.0,671.0,26493,6463.92,85.0,17,241560.0,3
1646.0,567.0,17218,3760.0,32.0,13,204120.0,0
1659.0,311.0,10950,2013.0,77.0,11,111960.0,0
1689.0,1395.0,3458,6463.92,48.0,15,502200.0,0
1700.0,1278.0,7677,6463.92,31.0,14,460080.0,2
1739.0,371.0,3840,6463.92,80.0,13,133560.0,1
1768.0,855.0,8952,2766.0,57.0,22,307800.0,3
1772.0,548.0,20520,6463.92,94.0,20,197280.0,2
1792.0,429.0,11092,6463.92,99.0,12,154440.0,3
1800.0,1253.0,7914,6463.92,65.0,21,451080.0,0
1822.0,1194.0,9060,6513.0,52.0,17,429840.0,1
1854.0,355.0,6161,6463.92,38.0,22,127800.0,2
1882.0,1480.0,24444,6463.92,64.0,13,532800.0,3
1885.0,783.0,13588,4284.0,78.0,22,281880.0,1
1931.0,1354.0,6073,2226.0,41.0,11,487440.0,1
1945.0,682.0,15975,5561.0,71.0,16,245520.0,1
1947.0,1103.0,2122,2144.0,49.0,14,397080.0,0
1954.0,136.0,6225,5373.0,89.0,12,48960.0,1
1969.0,155.0,22474,2897.0,67.0,11,55800.0,2
1981.0,771.0,14120,6463.92,45.0,12,277560.0,0
1997.0,508.0,14284,5321.0,72.0,11,182880.0,1
1998.0,557.0,11189,5410.0,35.0,17,200520.0,1
1999.0,642.0,21412,2782.0,76.0,22,231120.0,1
2018.0,1382.0,13684,6463.92,85.0,22,497520.0,1
2044.0,878.0,14255,6463.92,94.0,12,316080.0,2
2046.0,374.0,23333,4850.0,50.0,15,134640.0,0
2052.0,287.0,8952,6463.92,62.0,12,103320.0,1
2053.0,802.09,23679,6463.92,46.0,13,288750.68,1
2068.0,802.09,10228,4404.0,82.0,12,288750.68,0
7.0,591.0,16632,6463.92,40.0,12,212760.0,1
16.0,670.0,15170,6463.92,65.97,17,241200.0,1
18.0,1346.0,8758,6463.92,93.0,11,484560.0,1
19.0,103.0,12947,6463.92,50.0,14,37080.0,0
21.0,334.0,15053,6463.92,80.0,12,120240.0,2
24.0,371.0,4306,3944.0,45.0,11,133560.0,0
26.0,673.0,8232,6463.92,96.0,18,242280.0,1
31.0,699.0,17102,2960.0,83.0,11,251640.0,0
33.0,802.09,4681,6463.92,72.0,22,288750.68,0
38.0,705.0,22822,18947.0,83.0,12,253800.0,0
40.0,1459.0,19121,6465.0,41.0,13,525240.0,0
47.0,802.09,3810,2683.0,86.0,14,288750.68,0
49.0,890.0,9687,2014.0,97.0,13,320400.0,0
65.0,1434.0,11179,3441.0,50.0,13,516240.0,0
72.0,1443.0,21436,6463.92,47.0,19,519480.0,1
88.0,664.0,5868,6463.92,79.0,13,239040.0,1
102.0,397.0,25258,13664.0,30.0,13,142920.0,0
103.0,802.09,10425,5021.0,80.0,22,288750.68,1
110.0,1153.0,17736,6463.92,94.0,15,415080.0,0
116.0,432.0,18725,6463.92,96.0,23,155520.0,2
128.0,1353.0,17519,6463.92,33.0,21,487080.0,1
132.0,489.0,25043,6463.92,65.97,12,176040.0,1
133.0,807.0,23648,6463.92,63.0,22,290520.0,0
143.0,1280.0,26897,6463.92,65.97,11,460800.0,2
171.0,957.0,16090,4739.0,72.0,12,344520.0,0
175.0,542.0,24788,6463.92,71.0,11,195120.0,1
178.0,216.0,2819,6463.92,84.0,20,77760.0,2
179.0,1150.0,25150,10650.0,53.0,15,414000.0,0
193.0,364.0,2302,4317.0,32.0,20,131040.0,0
197.0,201.0,10415,6463.92,84.0,14,72360.0,1
218.0,691.0,5970,2024.0,57.0,18,248760.0,1
221.0,440.0,6672,6463.92,42.0,11,158400.0,1
233.0,1157.0,13364,3058.0,51.0,16,416520.0,1
241.0,713.0,13939,6463.92,67.0,18,256680.0,1
245.0,802.09,6319,6463.92,75.0,12,288750.68,0
246.0,140.0,6984,3929.0,95.0,23,50400.0,1
247.0,629.0,5711,6463.92,95.0,15,226440.0,0
249.0,328.0,3425,6463.92,86.0,15,118080.0,1
250.0,1084.0,26250,6463.92,65.97,11,390240.0,2
269.0,802.09,15986,4425.0,37.0,11,288750.68,0
287.0,1151.0,14242,6463.92,63.0,14,414360.0,1
288.0,644.0,12368,6463.92,65.97,16,231840.0,1
297.0,1005.0,8556,2657.0,88.0,11,361800.0,0
303.0,1147.0,17011,5940.0,52.0,14,412920.0,1
305.0,147.0,13248,2622.0,47.0,21,52920.0,0
316.0,1323.0,3300,3212.0,89.0,15,476280.0,0
332.0,1431.0,15417,6463.92,96.0,14,515160.0,3
337.0,1327.0,13523,6463.92,73.0,12,477720.0,1
338.0,832.0,14776,2911.0,63.0,13,299520.0,1
341.0,1199.0,5118,6463.92,77.0,17,431640.0,1
347.0,916.0,23016,6463.92,82.0,13,329760.0,0
349.0,1247.0,10732,6931.0,45.0,14,448920.0,1
350.0,685.0,7505,6463.92,62.0,12,246600.0,2
362.0,128.0,19737,2176.0,84.0,13,46080.0,0
379.0,996.0,10531,3230.0,100.0,17,358560.0,0
380.0,728.0,11677,6463.92,80.0,18,262080.0,2
393.0,688.0,18899,6463.92,82.0,14,247680.0,1
394.0,1449.0,14180,6463.92,45.0,13,521640.0,1
396.0,636.0,25594,18665.0,65.97,11,228960.0,0
403.0,889.0,11411,6463.92,53.0,12,320040.0,3
423.0,691.0,10077,6463.92,86.0,12,248760.0,1
424.0,106.0,17822,6410.0,62.0,12,38160.0,0
433.0,723.0,17747,4941.0,85.0,15,260280.0,0
440.0,1157.0,24737,6463.92,84.0,13,416520.0,0
447.0,1482.0,16375,6463.92,42.0,11,533520.0,1
455.0,738.0,7621,3983.0,30.0,17,265680.0,0
460.0,1192.0,23177,6347.0,61.0,16,429120.0,2
465.0,1309.0,16092,2904.0,83.0,12,471240.0,2
470.0,544.0,24017,2696.0,52.0,11,195840.0,1
475.0,641.0,6069,6463.92,85.0,12,230760.0,1
478.0,756.0,9150,2174.0,99.0,11,272160.0,0
482.0,593.0,2967,6755.0,88.0,11,213480.0,0
495.0,1283.0,18168,6463.92,54.0,16,461880.0,0
501.0,329.0,11868,2543.0,96.0,13,118440.0,1
502.0,1362.0,4652,5304.0,67.0,13,490320.0,0
507.0,1371.0,5915,6463.92,77.0,12,493560.0,1
517.0,201.0,20490,6463.92,65.97,16,72360.0,1
522.0,821.0,8509,19406.0,86.0,11,295560.0,1
523.0,1381.0,12740,6538.0,72.0,15,497160.0,1
525.0,313.0,15238,2258.0,61.0,20,112680.0,1
526.0,1473.0,2227,6463.92,74.0,14,530280.0,0
530.0,329.0,16193,2218.0,98.0,12,118440.0,1
544.0,192.0,9655,2654.0,69.0,21,69120.0,2
555.0,296.0,12253,6463.92,33.0,16,106560.0,1
564.0,986.0,21526,11935.0,93.0,18,354960.0,0
580.0,1125.0,11563,6463.92,94.0,19,405000.0,1
585.0,413.0,18398,6463.92,57.0,14,148680.0,0
591.0,1474.0,9260,6463.92,97.0,17,530640.0,1
593.0,1368.0,9129,3894.0,99.0,16,492480.0,0
611.0,232.0,22645,4262.0,34.0,12,83520.0,2
624.0,1034.0,8984,10527.0,86.0,11,372240.0,0
631.0,1474.0,23914,6463.92,65.97,12,530640.0,0
632.0,802.09,5530,2400.0,38.0,13,288750.68,2
652.0,538.0,14004,3681.0,54.0,14,193680.0,0
659.0,622.0,5718,6463.92,81.0,13,223920.0,2
664.0,1236.0,17997,6463.92,40.0,11,444960.0,1
665.0,1112.0,26894,6463.92,50.0,11,400320.0,0
666.0,204.0,2912,6463.92,31.0,18,73440.0,2
671.0,1315.0,9358,19513.0,35.0,12,473400.0,1
675.0,802.09,12145,6463.92,69.0,20,288750.68,0
686.0,991.0,17759,2659.0,71.0,13,356760.0,1
699.0,913.0,13934,8847.0,48.0,11,328680.0,1
705.0,885.0,8544,6463.92,58.0,16,318600.0,1
707.0,810.0,15678,4851.0,57.0,22,291600.0,1
712.0,817.0,18597,8120.0,56.0,12,294120.0,0
732.0,1179.0,11924,5405.0,84.0,14,424440.0,0
738.0,316.0,9983,6463.92,54.0,15,113760.0,1
744.0,381.0,2104,3708.0,49.0,14,137160.0,0
746.0,217.0,10225,13770.0,49.0,12,78120.0,2
752.0,933.0,20366,6463.92,57.0,12,335880.0,0
754.0,775.0,23683,6463.92,47.0,18,279000.0,1
769.0,346.0,10919,2450.0,86.0,17,124560.0,0
792.0,575.0,5288,6463.92,71.0,14,207000.0,1
797.0,182.0,13551,6463.92,72.0,16,65520.0,0
800.0,829.0,24008,4342.0,84.0,19,298440.0,1
806.0,921.0,24375,6463.92,38.0,21,331560.0,2
813.0,1325.0,21821,3149.0,82.0,20,477000.0,1
819.0,118.0,26507,5324.0,69.0,15,42480.0,0
838.0,702.0,8306,2553.0,100.0,16,252720.0,0
847.0,829.0,2243,6463.92,65.97,19,298440.0,1
852.0,625.0,5197,5933.0,50.0,12,225000.0,0
859.0,802.09,9250,4403.0,73.0,11,288750.68,1
872.0,802.09,19146,6463.92,65.97,22,288750.68,2
874.0,986.0,5044,6463.92,62.0,24,354960.0,1
881.0,802.09,16612,2022.0,96.0,19,288750.68,1
885.0,583.0,18154,4256.0,87.0,12,209880.0,0
888.0,1269.0,10778,6463.92,65.97,17,456840.0,0
893.0,395.0,12102,2899.0,98.0,19,142200.0,1
896.0,341.0,23522,6463.92,48.0,19,122760.0,3
902.0,802.09,21782,5562.0,33.0,13,288750.68,1
916.0,821.0,24252,6463.92,98.0,14,295560.0,0
922.0,500.0,22052,6463.92,49.0,13,180000.0,0
925.0,1454.0,13137,6463.92,65.0,18,523440.0,0
930.0,995.0,9834,2377.0,77.0,18,358200.0,1
939.0,1198.0,3339,2799.0,100.0,11,431280.0,0
975.0,1219.0,6179,6463.92,86.0,16,438840.0,0
991.0,335.0,10322,6463.92,46.0,22,120600.0,0
995.0,461.0,17241,3452.0,53.0,18,165960.0,0
1001.0,1134.0,12086,2811.0,37.0,14,408240.0,1
1010.0,622.0,10074,6463.92,39.0,24,223920.0,1
1017.0,109.0,25725,6463.92,60.0,17,39240.0,0
1022.0,277.0,13119,4240.0,97.0,13,99720.0,0
1027.0,1055.0,4658,4227.0,47.0,18,379800.0,1
1028.0,802.0,9541,3917.0,45.0,20,288720.0,1
1037.0,265.0,21813,4969.0,79.0,18,95400.0,0
1044.0,1038.0,21437,6463.92,65.97,19,373680.0,0
1053.0,342.0,15346,2042.0,57.0,14,123120.0,1
1069.0,430.0,21445,6463.92,40.0,17,154800.0,2
1077.0,769.0,17205,6463.92,54.0,14,276840.0,0
1084.0,1176.0,9096,9957.0,85.0,15,423360.0,1
1094.0,1277.0,5869,6463.92,87.0,19,459720.0,3
1096.0,1091.0,15813,6463.92,65.0,18,392760.0,1
1099.0,654.0,21214,6463.92,34.0,15,235440.0,1
1102.0,895.0,22482,2207.0,50.0,16,322200.0,1
1103.0,618.0,22266,7756.0,45.0,17,222480.0,0
1108.0,1017.0,2993,6463.92,55.0,20,366120.0,0
1114.0,970.0,13401,6463.92,30.0,17,349200.0,1
1131.0,984.0,25326,2070.0,70.0,11,354240.0,0
1135.0,793.0,21981,2791.0,67.0,12,285480.0,1
1140.0,1003.0,15834,6463.92,95.0,11,361080.0,0
1157.0,603.0,18385,8224.0,77.0,17,217080.0,0
1160.0,874.0,6233,2610.0,72.0,12,314640.0,1
1161.0,367.0,17171,5731.0,52.0,13,132120.0,2
1162.0,199.0,7950,2539.0,55.0,13,71640.0,1
1185.0,802.09,26537,2376.0,65.97,13,288750.68,1
1195.0,1457.0,20100,6463.92,83.0,19,524520.0,1
1217.0,1450.0,10849,19081.0,52.0,11,522000.0,1
1234.0,116.0,7331,2743.0,77.0,20,41760.0,1
1286.0,791.0,6842,6463.92,44.0,11,284760.0,0
1291.0,735.0,6020,6463.92,66.0,14,264600.0,0
1301.0,640.0,4732,2080.0,84.0,11,230400.0,0
1303.0,266.0,18830,2096.0,40.0,18,95760.0,0
1308.0,848.0,26076,6463.92,88.0,12,305280.0,2
1311.0,1138.0,23631,4627.0,48.0,12,409680.0,1
1317.0,802.09,22422,6463.92,43.0,11,288750.68,0
1329.0,256.0,22074,6463.92,40.0,13,92160.0,0
1331.0,802.09,8319,2302.0,54.0,11,288750.68,0
1333.0,935.0,14669,6463.92,89.0,12,336600.0,0
1358.0,882.0,9075,6463.92,67.0,11,317520.0,3
1361.0,329.0,6762,6463.92,88.0,22,118440.0,1
1371.0,793.0,20392,5071.0,43.0,20,285480.0,0
1380.0,662.0,23288,6463.92,67.0,18,238320.0,1
1389.0,802.09,21057,6463.92,98.0,15,288750.68,2
1392.0,1200.0,13953,5467.0,75.0,14,432000.0,2
1396.0,499.0,20497,6463.92,36.0,13,179640.0,3
1403.0,802.09,7100,5769.0,98.0,11,288750.68,0
1405.0,802.09,25681,2394.0,51.0,13,288750.68,0
1411.0,1462.0,19106,3629.0,94.0,18,526320.0,0
1412.0,200.0,19944,9362.0,60.0,11,72000.0,0
1415.0,949.0,4910,3229.0,81.0,11,341640.0,1
1428.0,802.09,12761,6463.92,73.0,14,288750.68,2
1436.0,329.0,13494,5647.0,98.0,13,118440.0,2
1439.0,383.0,15182,4400.0,68.0,12,137880.0,0
1441.0,1255.0,10494,2066.0,90.0,22,451800.0,1
1448.0,802.09,5561,6463.92,90.0,12,288750.68,0
1464.0,523.0,21081,6463.92,94.0,13,188280.0,1
1466.0,1221.0,24795,5486.0,96.0,11,439560.0,3
1467.0,1107.0,3072,6463.92,52.0,15,398520.0,0
1471.0,981.0,7973,3162.0,90.0,14,353160.0,0
1473.0,1495.0,21534,6651.0,96.0,14,538200.0,1
1475.0,1467.0,21158,3420.0,49.0,13,528120.0,0
1486.0,1496.0,15747,2909.0,92.0,15,538560.0,1
1507.0,467.0,11827,4898.0,55.0,14,168120.0,0
1509.0,271.0,23070,6463.92,43.0,25,97560.0,1
1513.0,410.0,4668,3180.0,97.0,13,147600.0,3
1516.0,495.0,21072,11244.0,64.0,25,178200.0,0
1537.0,561.0,4156,6463.92,33.0,12,201960.0,0
1552.0,1142.0,8841,4069.0,72.0,18,411120.0,0
1560.0,1242.0,10589,6392.0,46.0,13,447120.0,1
1568.0,1288.0,17799,6463.92,33.0,12,463680.0,1
1573.0,903.0,7653,4855.0,81.0,11,325080.0,2
1576.0,1108.0,16530,6463.92,65.0,12,398880.0,1
1580.0,1351.0,13008,6463.92,45.0,17,486360.0,1
1583.0,437.0,16379,6463.92,90.0,12,157320.0,0
1587.0,802.09,4223,6463.92,51.0,16,288750.68,0
1592.0,977.0,12826,6463.92,45.0,16,351720.0,1
1594.0,1302.0,19711,6463.92,80.0,13,468720.0,1
1597.0,653.0,15332,6463.92,92.0,14,235080.0,1
1607.0,634.0,18783,3312.0,35.0,17,228240.0,2
1623.0,546.0,26009,3117.0,97.0,18,196560.0,0
1641.0,448.0,19948,6463.92,84.0,15,161280.0,0
1644.0,365.0,5602,15202.0,89.0,25,131400.0,1
1645.0,763.0,22098,6463.92,59.0,14,274680.0,2
1647.0,486.0,22490,6463.92,86.0,17,174960.0,0
1648.0,591.0,6297,2580.0,87.0,13,212760.0,0
1651.0,711.0,22792,6463.92,42.0,12,255960.0,2
1655.0,301.0,3498,6463.92,72.0,16,108360.0,2
1657.0,1141.0,13251,6463.92,31.0,19,410760.0,0
1662.0,894.0,15411,4374.0,33.0,15,321840.0,0
1670.0,392.0,3921,5505.0,93.0,14,141120.0,2
1674.0,802.09,24941,2587.0,74.0,16,288750.68,1
1682.0,1351.0,7419,6463.92,80.0,14,486360.0,2
1683.0,528.0,4167,6463.92,44.0,18,190080.0,3
1694.0,1441.0,23737,6463.92,94.0,12,518760.0,1
1702.0,427.0,25103,6463.92,99.0,21,153720.0,1
1721.0,741.0,18103,3477.0,69.0,14,266760.0,1
1722.0,552.0,20794,6463.92,60.0,19,198720.0,1
1733.0,1456.0,8658,6463.92,96.0,13,524160.0,3
1735.0,160.0,12862,6463.92,51.0,13,57600.0,0
1746.0,897.0,2097,6463.92,59.0,14,322920.0,1
1751.0,1054.0,6152,3445.0,67.0,11,379440.0,0
1753.0,461.0,23060,6294.0,70.0,12,165960.0,0
1787.0,589.0,8800,6463.92,46.0,14,212040.0,2
1801.0,849.0,25166,6463.92,98.0,15,305640.0,0
1813.0,343.0,24978,6463.92,52.0,13,123480.0,0
1814.0,802.09,15530,6463.92,85.0,12,288750.68,0
1833.0,1125.0,8277,6463.92,65.97,14,405000.0,2
1834.0,1217.0,12719,3591.0,67.0,25,438120.0,1
1835.0,723.0,4244,5405.0,77.0,20,260280.0,2
1837.0,1216.0,21624,6463.92,87.0,14,437760.0,0
1844.0,350.0,3157,6463.92,56.0,15,126000.0,3
1856.0,207.0,5411,2105.0,64.0,12,74520.0,0
1858.0,280.0,10494,6463.92,43.0,15,100800.0,1
1873.0,836.0,7975,2662.0,98.0,20,300960.0,1
1883.0,592.0,19384,2062.0,59.0,14,213120.0,0
1886.0,219.0,25388,6463.92,44.0,11,78840.0,0
1905.0,967.0,14460,6463.92,85.0,23,348120.0,1
1907.0,802.09,10261,2587.0,65.97,16,288750.68,0
1908.0,335.0,16822,5507.0,33.0,16,120600.0,2
1922.0,802.09,14511,5399.0,44.0,12,288750.68,0
1929.0,1251.0,3987,6463.92,32.0,19,450360.0,1
1948.0,976.0,3995,6463.92,48.0,13,351360.0,1
1972.0,1444.0,5224,6463.92,65.97,11,519840.0,1
1980.0,802.09,25198,4440.0,77.0,19,288750.68,0
1982.0,571.0,13672,6463.92,78.0,13,205560.0,0
1992.0,977.0,7298,6463.92,57.0,19,351720.0,1
1996.0,1154.0,6393,6463.92,54.0,19,415440.0,1
2003.0,1490.0,20232,2660.0,43.0,11,536400.0,1
2007.0,581.0,17624,3375.0,63.0,12,209160.0,0
2010.0,267.0,15919,6463.92,49.0,13,96120.0,0
2027.0,1092.0,26124,4787.0,36.0,14,393120.0,3
2038.0,529.0,11288,6463.92,78.0,14,190440.0,0
2048.0,1322.0,2725,2809.0,52.0,14,475920.0,0
2055.0,410.0,16586,10854.0,39.0,13,147600.0,1
2060.0,1167.0,21378,6463.92,30.0,18,420120.0,0
2061.0,884.0,12290,2571.0,41.0,17,318240.0,1
2064.0,155.0,5174,6142.0,87.0,20,55800.0,1
39.0,924.0,6670,2496.0,78.0,11,332640.0,0
51.0,852.0,13072,3419.0,82.0,14,306720.0,1
95.0,1082.0,18775,2501.0,87.0,17,389520.0,0
169.0,802.09,19299,6463.92,100.0,14,288750.68,1
224.0,1450.0,25326,2566.0,79.0,15,522000.0,1
242.0,134.0,10515,6463.92,90.0,14,48240.0,0
286.0,635.0,7703,6463.92,73.0,13,228600.0,0
340.0,1017.0,18697,3920.0,83.0,14,366120.0,1
431.0,1091.0,17810,13964.0,90.0,12,392760.0,0
496.0,755.0,19394,6540.0,97.0,19,271800.0,0
511.0,253.0,24440,2244.0,43.0,13,91080.0,1
612.0,922.0,22578,16184.0,95.0,19,331920.0,1
650.0,1365.0,11512,4233.0,46.0,17,491400.0,0
684.0,306.0,5630,6463.92,100.0,14,110160.0,2
730.0,970.0,13514,14814.0,59.0,19,349200.0,0
757.0,970.0,7360,6463.92,96.0,11,349200.0,0
869.0,1169.0,23965,6463.92,63.0,13,420840.0,1
875.0,1271.0,9068,6463.92,35.0,14,457560.0,0
964.0,1469.0,25063,3617.0,65.97,14,528840.0,1
970.0,625.0,14922,6463.92,46.0,11,225000.0,0
1006.0,1391.0,12127,2684.0,66.0,17,500760.0,1
1055.0,1333.0,18410,6463.92,87.0,19,479880.0,1
1061.0,1464.0,12853,19237.0,62.0,11,527040.0,1
1107.0,1330.0,19373,2377.0,37.0,20,478800.0,1
1180.0,902.0,21203,4422.0,92.0,13,324720.0,1
1193.0,645.0,7172,2552.0,54.0,25,232200.0,0
1226.0,654.0,5050,2678.0,43.0,17,235440.0,0
1254.0,326.0,16490,5171.0,48.0,17,117360.0,0
1321.0,634.0,25927,11916.0,95.0,23,228240.0,2
1465.0,1448.0,14720,9380.0,55.0,18,521280.0,2
1479.0,1358.0,2939,6463.92,96.0,15,488880.0,2
1551.0,802.09,10036,6463.92,57.0,14,288750.68,3
1555.0,824.0,15624,5878.0,67.0,12,296640.0,1
1604.0,329.0,7324,6463.92,51.0,17,118440.0,3
1757.0,1313.0,8191,6463.92,65.97,12,472680.0,0
1760.0,594.0,15963,2468.0,75.0,14,213840.0,1
1789.0,734.0,14218,6463.92,46.0,17,264240.0,1
1807.0,234.0,6208,6463.92,93.0,17,84240.0,1
1812.0,766.0,19188,4127.0,83.0,18,275760.0,1
1818.0,920.0,6889,2148.0,69.0,11,331200.0,0
1830.0,431.0,15696,6463.92,68.0,15,155160.0,1
1890.0,1213.0,4223,3886.0,94.0,21,436680.0,0
1939.0,238.0,15318,6463.92,47.0,14,85680.0,0
1994.0,1313.0,20439,6463.92,59.0,12,472680.0,3
4.0,1373.0,2396,2090.0,92.0,15,494280.0,0
10.0,1324.0,9964,6463.92,81.0,20,476640.0,3
30.0,391.0,19281,6463.92,96.0,14,140760.0,0
41.0,125.0,16117,6463.92,83.0,13,45000.0,0
42.0,895.0,3335,2086.0,56.0,14,322200.0,1
53.0,802.09,10910,1951.0,75.0,12,288750.68,1
54.0,1240.0,19715,6463.92,33.0,13,446400.0,1
55.0,1357.0,10558,6463.92,48.0,12,488520.0,0
64.0,626.0,19294,6463.92,98.0,13,225360.0,0
70.0,1097.0,8302,6463.92,79.0,13,394920.0,1
84.0,836.0,19730,6463.92,65.97,14,300960.0,3
97.0,132.0,22002,3038.0,55.0,12,47520.0,0
106.0,111.0,18092,6463.92,70.0,14,39960.0,1
113.0,541.0,9518,2322.0,62.0,13,194760.0,1
137.0,871.0,19783,2926.0,66.0,18,313560.0,0
139.0,1040.0,15850,6463.92,100.0,14,374400.0,1
144.0,802.09,23785,6463.92,59.0,15,288750.68,0
155.0,922.0,2561,2835.0,39.0,22,331920.0,1
167.0,528.0,26820,6463.92,65.97,19,190080.0,0
200.0,802.09,6961,6463.92,94.0,21,288750.68,1
201.0,802.09,16102,6463.92,79.0,14,288750.68,0
211.0,1169.0,13983,6463.92,34.0,17,420840.0,0
214.0,1145.0,11873,6463.92,75.0,20,412200.0,1
243.0,303.0,9241,6463.92,65.97,22,109080.0,0
271.0,1261.0,7259,6553.0,65.97,14,453960.0,0
282.0,1180.0,11354,6673.0,70.0,19,424800.0,0
309.0,142.0,8456,2177.0,70.0,17,51120.0,1
323.0,854.0,24118,19517.0,68.0,11,307440.0,1
334.0,1411.0,19877,6463.92,36.0,16,507960.0,2
342.0,504.0,22573,10048.0,61.0,11,181440.0,2
364.0,529.0,14935,6463.92,79.0,11,190440.0,0
367.0,1463.0,14408,6463.92,64.0,21,526680.0,1
392.0,920.0,19920,3161.0,43.0,22,331200.0,1
397.0,506.0,26285,6463.92,30.0,12,182160.0,0
407.0,566.0,7122,6463.92,81.0,18,203760.0,2
445.0,1162.0,17778,5238.0,41.0,18,418320.0,0
468.0,810.0,15901,15992.0,44.0,14,291600.0,0
471.0,1062.0,3956,2370.0,75.0,13,382320.0,1
473.0,530.0,23978,6463.92,91.0,21,190800.0,1
477.0,1332.0,17078,6781.0,98.0,23,479520.0,0
479.0,845.0,15276,6653.0,45.0,15,304200.0,0
485.0,350.0,9150,2851.0,34.0,13,126000.0,0
487.0,1144.0,16044,5258.0,30.0,14,411840.0,0
494.0,156.0,25422,6463.92,90.0,15,56160.0,0
508.0,202.0,17434,2476.0,72.0,18,72720.0,1
514.0,464.0,3427,2285.0,40.0,23,167040.0,0
518.0,1305.0,21123,4197.0,49.0,12,469800.0,0
556.0,1490.0,12106,1702.0,42.0,23,536400.0,1
566.0,489.0,18437,2564.0,65.97,12,176040.0,0
568.0,210.0,22102,6463.92,56.0,12,75600.0,1
614.0,1306.0,8059,1878.0,69.0,14,470160.0,0
615.0,1094.0,11373,6463.92,58.0,15,393840.0,1
622.0,471.0,23213,2340.0,66.0,18,169560.0,0
643.0,823.0,9100,2127.0,94.0,21,296280.0,1
648.0,448.0,14470,2033.0,74.0,18,161280.0,1
656.0,558.0,3010,9602.0,75.0,11,200880.0,1
657.0,959.0,11757,6463.92,83.0,13,345240.0,0
661.0,782.0,2671,16627.0,50.0,14,281520.0,1
662.0,362.0,14561,6463.92,65.97,17,130320.0,0
690.0,802.09,3487,6463.92,62.0,14,288750.68,1
701.0,1362.0,26999,1009.0,32.0,11,490320.0,0
704.0,727.0,16900,6463.92,41.0,18,261720.0,2
715.0,1225.0,15232,6463.92,80.0,17,441000.0,0
743.0,168.0,15397,7861.0,81.0,14,60480.0,0
749.0,1396.0,2755,2642.0,65.97,11,502560.0,0
773.0,268.0,20471,6463.92,92.0,13,96480.0,1
775.0,167.0,4187,5121.0,32.0,14,60120.0,1
811.0,1243.0,3445,6463.92,65.97,21,447480.0,2
812.0,1092.0,26551,2694.0,60.0,11,393120.0,3
816.0,805.0,6689,6463.92,36.0,11,289800.0,1
832.0,720.0,11983,5094.0,51.0,14,259200.0,0
833.0,802.09,20234,6463.92,52.0,24,288750.68,0
834.0,252.0,6153,2274.0,95.0,14,90720.0,0
897.0,868.0,22789,6463.92,73.0,14,312480.0,1
904.0,1252.0,4814,6463.92,32.0,13,450720.0,0
911.0,374.0,18016,6463.92,87.0,24,134640.0,0
918.0,781.0,13384,2380.0,57.0,14,281160.0,1
923.0,1427.0,8870,6463.92,65.0,19,513720.0,0
934.0,546.0,6896,2008.0,83.0,14,196560.0,2
940.0,1272.0,9255,10552.0,37.0,13,457920.0,1
945.0,802.09,5543,2259.0,51.0,17,288750.68,2
951.0,1184.0,3974,6463.92,70.0,20,426240.0,0
952.0,867.0,18798,2413.0,36.0,18,312120.0,3
954.0,658.0,20652,6463.92,67.0,12,236880.0,1
959.0,419.0,9947,2121.0,37.0,13,150840.0,0
986.0,1479.0,17071,13194.0,100.0,16,532440.0,0
994.0,906.0,11479,6463.92,92.0,20,326160.0,0
1003.0,955.0,8571,4163.0,83.0,17,343800.0,0
1012.0,287.0,13493,6463.92,73.0,15,103320.0,0
1029.0,265.0,7770,18303.0,90.0,13,95400.0,0
1033.0,1141.0,14382,4777.0,61.0,15,410760.0,0
1052.0,660.0,7858,6463.92,81.0,14,237600.0,1
1056.0,1144.0,23384,1052.0,74.0,22,411840.0,0
1076.0,415.0,5268,6463.92,65.97,13,149400.0,1
1079.0,1334.0,17258,6463.92,36.0,13,480240.0,0
1081.0,1323.0,10332,2461.0,34.0,12,476280.0,3
1105.0,309.0,24223,6463.92,88.0,14,111240.0,3
1111.0,1009.0,7160,2596.0,45.0,15,363240.0,2
1113.0,802.09,17251,4728.0,81.0,14,288750.68,0
1115.0,697.0,22478,6463.92,40.0,17,250920.0,3
1125.0,130.0,20619,7351.0,32.0,16,46800.0,0
1156.0,247.0,13556,6463.92,80.0,12,88920.0,0
1158.0,167.0,9051,4766.0,46.0,11,60120.0,1
1172.0,982.0,16340,2258.0,58.0,12,353520.0,1
1190.0,862.0,14947,2827.0,76.0,12,310320.0,3
1206.0,111.0,4279,2290.0,74.0,13,39960.0,0
1210.0,906.0,20293,2107.0,95.0,17,326160.0,1
1242.0,458.0,23281,13191.0,60.0,17,164880.0,0
1256.0,1098.0,12124,6463.92,85.0,13,395280.0,1
1258.0,969.0,16620,6463.92,76.0,11,348840.0,0
1260.0,1329.0,4204,6463.92,82.0,11,478440.0,2
1263.0,715.0,8733,18265.0,76.0,12,257400.0,0
1269.0,265.0,21221,6463.92,57.0,12,95400.0,0
1270.0,373.0,16901,6463.92,47.0,22,134280.0,1
1273.0,599.0,8040,1118.0,73.0,14,215640.0,0
1306.0,364.0,13035,18061.0,65.97,22,131040.0,0
1364.0,1291.0,6527,6463.92,98.0,14,464760.0,1
1368.0,1124.0,19305,1611.0,97.0,15,404640.0,0
1379.0,703.0,11882,6463.92,90.0,14,253080.0,0
1427.0,802.09,16154,6463.92,50.0,12,288750.68,0
1433.0,202.0,22262,6463.92,34.0,12,72720.0,0
1434.0,1377.0,7679,6463.92,91.0,14,495720.0,0
1458.0,592.0,17181,6463.92,54.0,23,213120.0,0
1481.0,383.0,9282,4768.0,79.0,12,137880.0,1
1482.0,990.0,7152,1274.0,65.97,13,356400.0,2
1494.0,381.0,16998,6463.92,89.0,11,137160.0,0
1504.0,289.0,5355,2561.0,65.97,11,104040.0,0
1515.0,516.0,22049,6388.0,69.0,17,185760.0,0
1525.0,1089.0,9150,8376.0,32.0,18,392040.0,0
1542.0,1210.0,24052,4841.0,68.0,14,435600.0,1
1558.0,598.0,22376,6463.92,91.0,18,215280.0,2
1564.0,992.0,21731,6463.92,68.0,19,357120.0,0
1577.0,479.0,22061,2972.0,35.0,13,172440.0,0
1581.0,474.0,11133,6463.92,89.0,21,170640.0,0
1591.0,264.0,19519,6463.92,59.0,16,95040.0,1
1601.0,1349.0,7713,2690.0,63.0,18,485640.0,1
1602.0,563.0,3156,17567.0,56.0,15,202680.0,0
1624.0,544.0,18420,1569.0,70.0,12,195840.0,0
1669.0,991.0,3356,4187.0,43.0,13,356760.0,1
1673.0,1112.0,22589,6463.92,67.0,11,400320.0,2
1678.0,1206.0,11591,6463.92,80.0,16,434160.0,0
1697.0,802.09,20467,10883.0,92.0,20,288750.68,1
1714.0,240.0,11585,6463.92,58.0,11,86400.0,1
1724.0,369.0,5041,6463.92,92.0,16,132840.0,1
1731.0,543.0,3536,6463.92,87.0,11,195480.0,1
1744.0,176.0,6595,9756.0,56.0,21,63360.0,2
1755.0,181.0,5586,6463.92,97.0,14,65160.0,3
1758.0,211.0,10092,6463.92,74.0,20,75960.0,0
1761.0,1079.0,19002,6463.92,70.0,13,388440.0,3
1763.0,305.0,9128,5294.0,58.0,16,109800.0,1
1766.0,833.0,24539,6463.92,60.0,16,299880.0,1
1783.0,1294.0,15999,6463.92,79.0,17,465840.0,0
1839.0,1431.0,8018,6463.92,33.0,16,515160.0,0
1842.0,359.0,21495,2956.0,89.0,17,129240.0,0
1847.0,430.0,19573,6463.92,73.0,22,154800.0,1
1853.0,1318.0,26075,4648.0,79.0,13,474480.0,0
1860.0,1142.0,13624,6463.92,65.97,13,411120.0,0
1865.0,352.0,15434,2804.0,87.0,11,126720.0,0
1875.0,1172.0,3692,2856.0,78.0,19,421920.0,1
1876.0,945.0,16019,6463.92,89.0,13,340200.0,0
1893.0,482.0,14908,2933.0,90.0,13,173520.0,1
1903.0,170.0,9364,6463.92,78.0,15,61200.0,1
1928.0,746.0,10642,1091.0,45.0,17,268560.0,0
1933.0,1475.0,23352,6463.92,84.0,11,531000.0,0
1935.0,1443.0,20328,6463.92,89.0,16,519480.0,1
1936.0,867.0,12315,5151.0,87.0,25,312120.0,1
1938.0,605.0,11761,6463.92,72.0,13,217800.0,1
1943.0,419.0,2900,6463.92,77.0,12,150840.0,2
1944.0,1337.0,19555,2863.0,58.0,12,481320.0,0
1961.0,1404.0,11473,2858.0,59.0,14,505440.0,0
1966.0,1373.0,10138,6463.92,56.0,24,494280.0,0
1974.0,1276.0,17536,1129.0,59.0,11,459360.0,3
2012.0,543.0,4060,6463.92,83.0,19,195480.0,2
2023.0,638.0,26956,6463.92,33.0,19,229680.0,1
2040.0,1146.0,16642,6463.92,31.0,16,412560.0,0
